agreement_id,title_short,year,weapon_broad,actual_score,llm_score,llm_confidence,llm_reasoning
3,Rush-Bagot Agreement,1817,General / Unknown,0,-1,error,"Error code: 400 - {'type': 'error', 'error': {'type': 'invalid_request_error', 'message': 'Your credit balance is too low to access the Anthropic API. Please go to Plans & Billing to upgrade or purchase credits.'}, 'request_id': 'req_011CZvWSdfTfQwjqJQbem3ya'}"
6,Saint Petersburg Declaration,1868,General / Unknown,0,-1,error,"Error code: 400 - {'type': 'error', 'error': {'type': 'invalid_request_error', 'message': 'Your credit balance is too low to access the Anthropic API. Please go to Plans & Billing to upgrade or purchase credits.'}, 'request_id': 'req_011CZvWSe1o6tngWJ9iLjPjz'}"
7,Algeciras Agreement,1906,General / Unknown,0,-1,error,"Error code: 400 - {'type': 'error', 'error': {'type': 'invalid_request_error', 'message': 'Your credit balance is too low to access the Anthropic API. Please go to Plans & Billing to upgrade or purchase credits.'}, 'request_id': 'req_011CZvWSeM8wqwoa5UkBcfZk'}"
8,Treaty of Versailles,1919,General / Unknown,3,-1,error,"Error code: 400 - {'type': 'error', 'error': {'type': 'invalid_request_error', 'message': 'Your credit balance is too low to access the Anthropic API. Please go to Plans & Billing to upgrade or purchase credits.'}, 'request_id': 'req_011CZvWSefyiq35Db4dCXkf4'}"
10,Four Power Treaty,1921,General / Unknown,1,-1,error,"Error code: 400 - {'type': 'error', 'error': {'type': 'invalid_request_error', 'message': 'Your credit balance is too low to access the Anthropic API. Please go to Plans & Billing to upgrade or purchase credits.'}, 'request_id': 'req_011CZvWSf2ownCwQPaK5d5pi'}"
20,"Five Power Treaty, Naval Limitation Treaty",1922,Conventional Weapons,2,-1,error,"Error code: 400 - {'type': 'error', 'error': {'type': 'invalid_request_error', 'message': 'Your credit balance is too low to access the Anthropic API. Please go to Plans & Billing to upgrade or purchase credits.'}, 'request_id': 'req_011CZvWSfW65e2VdpBAKfTvv'}"
25,The Convention for the Control of the Trade in Arms and Ammunition.,1925,General / Unknown,3,-1,error,"Error code: 400 - {'type': 'error', 'error': {'type': 'invalid_request_error', 'message': 'Your credit balance is too low to access the Anthropic API. Please go to Plans & Billing to upgrade or purchase credits.'}, 'request_id': 'req_011CZvWSfpSJipik2NvKdneh'}"
251,"Protocol for the prohibition of the use in war of asphyxiating, poisonous or other gases, and of bacteriological methods of warfare",1925,General / Unknown,0,-1,error,"Error code: 400 - {'type': 'error', 'error': {'type': 'invalid_request_error', 'message': 'Your credit balance is too low to access the Anthropic API. Please go to Plans & Billing to upgrade or purchase credits.'}, 'request_id': 'req_011CZvWSgFywYBnGY2i5S6Zr'}"
301,London Naval Treaty,1930,Conventional Weapons,2,-1,error,"Error code: 400 - {'type': 'error', 'error': {'type': 'invalid_request_error', 'message': 'Your credit balance is too low to access the Anthropic API. Please go to Plans & Billing to upgrade or purchase credits.'}, 'request_id': 'req_011CZvWSh2N66AadKWqBrWur'}"
302,"Second London Naval Treaty, The 1936 London Naval Treaty",1936,Conventional Weapons,2,-1,error,"Error code: 400 - {'type': 'error', 'error': {'type': 'invalid_request_error', 'message': 'Your credit balance is too low to access the Anthropic API. Please go to Plans & Billing to upgrade or purchase credits.'}, 'request_id': 'req_011CZvWShd5e9e2AfdxQU2q8'}"
40,Genocide Convention,1948,General / Unknown,1,-1,error,"Error code: 400 - {'type': 'error', 'error': {'type': 'invalid_request_error', 'message': 'Your credit balance is too low to access the Anthropic API. Please go to Plans & Billing to upgrade or purchase credits.'}, 'request_id': 'req_011CZvWSi6MkBeQCtEgcXqGh'}"
50,Antarctic Treaty,1959,Nuclear Weapons,3,-1,error,"Error code: 400 - {'type': 'error', 'error': {'type': 'invalid_request_error', 'message': 'Your credit balance is too low to access the Anthropic API. Please go to Plans & Billing to upgrade or purchase credits.'}, 'request_id': 'req_011CZvWSimncExMm1Jxz3KCu'}"
601,Hot Line Agreement,1963,General / Unknown,0,-1,error,"Error code: 400 - {'type': 'error', 'error': {'type': 'invalid_request_error', 'message': 'Your credit balance is too low to access the Anthropic API. Please go to Plans & Billing to upgrade or purchase credits.'}, 'request_id': 'req_011CZvWSjjLN3aZUJ2XYvUce'}"
602,Hot Line Modernization Agreement,1971,General / Unknown,0,-1,error,"Error code: 400 - {'type': 'error', 'error': {'type': 'invalid_request_error', 'message': 'Your credit balance is too low to access the Anthropic API. Please go to Plans & Billing to upgrade or purchase credits.'}, 'request_id': 'req_011CZvWSkM3YeZ5wZKTZEdr1'}"
603,Hot Line Expansion Agreement,1984,General / Unknown,0,-1,error,"Error code: 400 - {'type': 'error', 'error': {'type': 'invalid_request_error', 'message': 'Your credit balance is too low to access the Anthropic API. Please go to Plans & Billing to upgrade or purchase credits.'}, 'request_id': 'req_011CZvWSkgPDc3uZaosz4P3R'}"
604,Hotline Update Agreement,1988,General / Unknown,0,-1,error,"Error code: 400 - {'type': 'error', 'error': {'type': 'invalid_request_error', 'message': 'Your credit balance is too low to access the Anthropic API. Please go to Plans & Billing to upgrade or purchase credits.'}, 'request_id': 'req_011CZvWSm2DtYh8xniFqSSxs'}"
62,The Partial(Limited) Test Ban Treaty (PTBT/LTBT),1963,General / Unknown,0,-1,error,"Error code: 400 - {'type': 'error', 'error': {'type': 'invalid_request_error', 'message': 'Your credit balance is too low to access the Anthropic API. Please go to Plans & Billing to upgrade or purchase credits.'}, 'request_id': 'req_011CZvWSmPoAwnoYmc8XLmWC'}"
70,Treaty of Tlatelolco,1967,Nuclear Weapons,3,-1,error,"Error code: 400 - {'type': 'error', 'error': {'type': 'invalid_request_error', 'message': 'Your credit balance is too low to access the Anthropic API. Please go to Plans & Billing to upgrade or purchase credits.'}, 'request_id': 'req_011CZvWSms5H9TZR9Hw9kia7'}"
70001,Protocol I to the Treaty of Tlatelolco,1967,Nuclear Weapons,0,-1,error,"Error code: 400 - {'type': 'error', 'error': {'type': 'invalid_request_error', 'message': 'Your credit balance is too low to access the Anthropic API. Please go to Plans & Billing to upgrade or purchase credits.'}, 'request_id': 'req_011CZvWSnLbxwRmYLGth72WZ'}"
70002,Protocol II to the Treaty of Tlatelolco,1967,Nuclear Weapons,0,-1,error,"Error code: 400 - {'type': 'error', 'error': {'type': 'invalid_request_error', 'message': 'Your credit balance is too low to access the Anthropic API. Please go to Plans & Billing to upgrade or purchase credits.'}, 'request_id': 'req_011CZvWSnhgX915DryaFRNgC'}"
70003,Treaty for the Prohibition of Nuclear Weapons in Latin America and the Caribbean pursuant to resolution 267 (EV),1990,General / Unknown,0,-1,error,"Error code: 400 - {'type': 'error', 'error': {'type': 'invalid_request_error', 'message': 'Your credit balance is too low to access the Anthropic API. Please go to Plans & Billing to upgrade or purchase credits.'}, 'request_id': 'req_011CZvWSsZdCs2ttS7t5Qy8D'}"
70004,Treaty for the Prohibition of Nuclear Weapons in Latin America and the Caribbean pursuant to resolution 268 (XII),1991,General / Unknown,0,-1,error,"Error code: 400 - {'type': 'error', 'error': {'type': 'invalid_request_error', 'message': 'Your credit balance is too low to access the Anthropic API. Please go to Plans & Billing to upgrade or purchase credits.'}, 'request_id': 'req_011CZvWSt49KhrbZ6jfffdxC'}"
70005,Treaty for the Prohibition of Nuclear Weapons in Latin America and the Caribbean pursuant to resolution 290 (VII),1992,General / Unknown,2,-1,error,"Error code: 400 - {'type': 'error', 'error': {'type': 'invalid_request_error', 'message': 'Your credit balance is too low to access the Anthropic API. Please go to Plans & Billing to upgrade or purchase credits.'}, 'request_id': 'req_011CZvWStXAoEUwc3veBeWDH'}"
80,Outer Space Treaty,1967,Nuclear Weapons,3,-1,error,"Error code: 400 - {'type': 'error', 'error': {'type': 'invalid_request_error', 'message': 'Your credit balance is too low to access the Anthropic API. Please go to Plans & Billing to upgrade or purchase credits.'}, 'request_id': 'req_011CZvWStvEMsrhh54LNHhbi'}"
90,NPT,1968,Nuclear Weapons,1,-1,error,"Error code: 400 - {'type': 'error', 'error': {'type': 'invalid_request_error', 'message': 'Your credit balance is too low to access the Anthropic API. Please go to Plans & Billing to upgrade or purchase credits.'}, 'request_id': 'req_011CZvWSuYSXs5RBJpVUYWFe'}"
100,Accidents Measures Agreement,1971,Nuclear Weapons,2,-1,error,"Error code: 400 - {'type': 'error', 'error': {'type': 'invalid_request_error', 'message': 'Your credit balance is too low to access the Anthropic API. Please go to Plans & Billing to upgrade or purchase credits.'}, 'request_id': 'req_011CZvWSv6BWGnnNmkXs78mB'}"
110,Seabed Treaty,1971,Nuclear Weapons,3,-1,error,"Error code: 400 - {'type': 'error', 'error': {'type': 'invalid_request_error', 'message': 'Your credit balance is too low to access the Anthropic API. Please go to Plans & Billing to upgrade or purchase credits.'}, 'request_id': 'req_011CZvWSvfQhQE9RQRP4cnKg'}"
120,Incidents at Sea Agreement,1972,Conventional Weapons,2,-1,error,"Error code: 400 - {'type': 'error', 'error': {'type': 'invalid_request_error', 'message': 'Your credit balance is too low to access the Anthropic API. Please go to Plans & Billing to upgrade or purchase credits.'}, 'request_id': 'req_011CZvWSw7gwB76djQ25E2KK'}"
140204,S.C.C Agreed Statements (Nov 01 1978),1978,General / Unknown,2,-1,error,"Error code: 400 - {'type': 'error', 'error': {'type': 'invalid_request_error', 'message': 'Your credit balance is too low to access the Anthropic API. Please go to Plans & Billing to upgrade or purchase credits.'}, 'request_id': 'req_011CZvWSwYz8sYzizry8nvav'}"
140205,S.C.C Common Understandings (Jun 06 1985),1985,General / Unknown,2,-1,error,"Error code: 400 - {'type': 'error', 'error': {'type': 'invalid_request_error', 'message': 'Your credit balance is too low to access the Anthropic API. Please go to Plans & Billing to upgrade or purchase credits.'}, 'request_id': 'req_011CZvWSx3kQD3web27o4yjx'}"
120001,High Seas Protocol I,1973,Conventional Weapons,0,-1,error,"Error code: 400 - {'type': 'error', 'error': {'type': 'invalid_request_error', 'message': 'Your credit balance is too low to access the Anthropic API. Please go to Plans & Billing to upgrade or purchase credits.'}, 'request_id': 'req_011CZvWSxPbHP1RcWozAABTH'}"
130,BWC,1972,Biological / Chemical Weapons,3,-1,error,"Error code: 400 - {'type': 'error', 'error': {'type': 'invalid_request_error', 'message': 'Your credit balance is too low to access the Anthropic API. Please go to Plans & Billing to upgrade or purchase credits.'}, 'request_id': 'req_011CZvWSxpdqXnfeG7zSZSPW'}"
1401,Interim Agreement,1972,Strategic Delivery Systems,3,-1,error,"Error code: 400 - {'type': 'error', 'error': {'type': 'invalid_request_error', 'message': 'Your credit balance is too low to access the Anthropic API. Please go to Plans & Billing to upgrade or purchase credits.'}, 'request_id': 'req_011CZvWSygUtkyTDH4Hso8UG'}"
1402,ABM Treaty,1972,General / Unknown,3,-1,error,"Error code: 400 - {'type': 'error', 'error': {'type': 'invalid_request_error', 'message': 'Your credit balance is too low to access the Anthropic API. Please go to Plans & Billing to upgrade or purchase credits.'}, 'request_id': 'req_011CZvWSzBjnuU1AkH7Yhpw1'}"
140201,Protocol To The Treaty Between The United States of America And The Union of Soviet Socialist Republics On The Limitation Of Anti-Ballistic Missile Systems,1974,General / Unknown,2,-1,error,"Error code: 400 - {'type': 'error', 'error': {'type': 'invalid_request_error', 'message': 'Your credit balance is too low to access the Anthropic API. Please go to Plans & Billing to upgrade or purchase credits.'}, 'request_id': 'req_011CZvWSzgkSzC4BNE8ZkWfQ'}"
140202,"Protocol on Procedures Governing Replacement, Dismantling or Destruction, and Notification Thereof, for ABM Systems and Their Components (July 3, 1974)",1974,General / Unknown,2,-1,error,"Error code: 400 - {'type': 'error', 'error': {'type': 'invalid_request_error', 'message': 'Your credit balance is too low to access the Anthropic API. Please go to Plans & Billing to upgrade or purchase credits.'}, 'request_id': 'req_011CZvWT14KqNFAgS8uoXbYb'}"
140203,Supplementary Protocol on Replacement,1976,General / Unknown,2,-1,error,"Error code: 400 - {'type': 'error', 'error': {'type': 'invalid_request_error', 'message': 'Your credit balance is too low to access the Anthropic API. Please go to Plans & Billing to upgrade or purchase credits.'}, 'request_id': 'req_011CZvWT1oED35JDjKmk7UPX'}"
140206,"Memorandum Of Understanding Relating To The Treaty Between The United States of America And The Union of Soviet Socialist Republics On The Limitation Of AntiBallistic Missile Systems Of May 26, 1972",1997,General / Unknown,3,-1,error,"Error code: 400 - {'type': 'error', 'error': {'type': 'invalid_request_error', 'message': 'Your credit balance is too low to access the Anthropic API. Please go to Plans & Billing to upgrade or purchase credits.'}, 'request_id': 'req_011CZvWT2TAVdr2eJg26U9ST'}"
1403,SALT II,1979,Strategic Delivery Systems,3,-1,error,"Error code: 400 - {'type': 'error', 'error': {'type': 'invalid_request_error', 'message': 'Your credit balance is too low to access the Anthropic API. Please go to Plans & Billing to upgrade or purchase credits.'}, 'request_id': 'req_011CZvWT2pjwR38YZwpQntWX'}"
142,Vladivostok Agreement,1974,General / Unknown,0,-1,error,"Error code: 400 - {'type': 'error', 'error': {'type': 'invalid_request_error', 'message': 'Your credit balance is too low to access the Anthropic API. Please go to Plans & Billing to upgrade or purchase credits.'}, 'request_id': 'req_011CZvWT396LTyjnCfVN4thP'}"
150,Prevention of Nuclear War Agreement,1973,Nuclear Weapons,1,-1,error,"Error code: 400 - {'type': 'error', 'error': {'type': 'invalid_request_error', 'message': 'Your credit balance is too low to access the Anthropic API. Please go to Plans & Billing to upgrade or purchase credits.'}, 'request_id': 'req_011CZvWT8DgbiKnVGNZ1UWwM'}"
160,"Threshold Test ban Treaty, TTBT",1974,Nuclear Weapons,3,-1,error,"Error code: 400 - {'type': 'error', 'error': {'type': 'invalid_request_error', 'message': 'Your credit balance is too low to access the Anthropic API. Please go to Plans & Billing to upgrade or purchase credits.'}, 'request_id': 'req_011CZvWT8am1brbk2TAQmcbJ'}"
170,"Peaceful Nuclear Explosions, PNE",1976,Nuclear Weapons,3,-1,error,"Error code: 400 - {'type': 'error', 'error': {'type': 'invalid_request_error', 'message': 'Your credit balance is too low to access the Anthropic API. Please go to Plans & Billing to upgrade or purchase credits.'}, 'request_id': 'req_011CZvWT8xqMRDL8aJpAcb9U'}"
180,ENMOD,1977,General / Unknown,1,-1,error,"Error code: 400 - {'type': 'error', 'error': {'type': 'invalid_request_error', 'message': 'Your credit balance is too low to access the Anthropic API. Please go to Plans & Billing to upgrade or purchase credits.'}, 'request_id': 'req_011CZvWT9UqR3byJit82YUip'}"
185,Cooperation Agreement between Brazil and Argentina for the Development and Application of Peaceful Uses of Nuclear Energy,1980,General / Unknown,1,-1,error,"Error code: 400 - {'type': 'error', 'error': {'type': 'invalid_request_error', 'message': 'Your credit balance is too low to access the Anthropic API. Please go to Plans & Billing to upgrade or purchase credits.'}, 'request_id': 'req_011CZvWT9rAJLZTRmcg9B1Zn'}"
190,"CCW, CCWC",1981,General / Unknown,2,-1,error,"Error code: 400 - {'type': 'error', 'error': {'type': 'invalid_request_error', 'message': 'Your credit balance is too low to access the Anthropic API. Please go to Plans & Billing to upgrade or purchase credits.'}, 'request_id': 'req_011CZvWTALgJUShwzFe4e9tf'}"
190001,Protocol I on Non-Detectable Fragments,1981,Conventional Weapons,0,-1,error,"Error code: 400 - {'type': 'error', 'error': {'type': 'invalid_request_error', 'message': 'Your credit balance is too low to access the Anthropic API. Please go to Plans & Billing to upgrade or purchase credits.'}, 'request_id': 'req_011CZvWTAnUHafaeugt7L3td'}"
190002,"Protocol II on Mines, BoobyTraps and Other Devices",1981,Conventional Weapons,0,-1,error,"Error code: 400 - {'type': 'error', 'error': {'type': 'invalid_request_error', 'message': 'Your credit balance is too low to access the Anthropic API. Please go to Plans & Billing to upgrade or purchase credits.'}, 'request_id': 'req_011CZvWTBAno6fVB4K1qWxnV'}"
190003,Protocol III on Incediary Weapons,1981,Conventional Weapons,0,-1,error,"Error code: 400 - {'type': 'error', 'error': {'type': 'invalid_request_error', 'message': 'Your credit balance is too low to access the Anthropic API. Please go to Plans & Billing to upgrade or purchase credits.'}, 'request_id': 'req_011CZvWTBX7pPuTQpoYKBntd'}"
190004,Protocol IV on Binding Laser Weapons,1995,Conventional Weapons,0,-1,error,"Error code: 400 - {'type': 'error', 'error': {'type': 'invalid_request_error', 'message': 'Your credit balance is too low to access the Anthropic API. Please go to Plans & Billing to upgrade or purchase credits.'}, 'request_id': 'req_011CZvWTBvve7DqyKDP8WL1V'}"
190005,"Protocol II(Amended) on Mines, BoobyTraps and Other Devices",1996,Conventional Weapons,2,-1,error,"Error code: 400 - {'type': 'error', 'error': {'type': 'invalid_request_error', 'message': 'Your credit balance is too low to access the Anthropic API. Please go to Plans & Billing to upgrade or purchase credits.'}, 'request_id': 'req_011CZvWTCRC6uEctMzaiP9nX'}"
190006,Amendment to the Convention on Certain Conventional Weapons,2001,Conventional Weapons,0,-1,error,"Error code: 400 - {'type': 'error', 'error': {'type': 'invalid_request_error', 'message': 'Your credit balance is too low to access the Anthropic API. Please go to Plans & Billing to upgrade or purchase credits.'}, 'request_id': 'req_011CZvWTD9boMvs8mu9dzTH7'}"
190007,Protocol V on Explosive Reminants of War,2003,General / Unknown,2,-1,error,"Error code: 400 - {'type': 'error', 'error': {'type': 'invalid_request_error', 'message': 'Your credit balance is too low to access the Anthropic API. Please go to Plans & Billing to upgrade or purchase credits.'}, 'request_id': 'req_011CZvWTDzCpET6tnfMdFLUm'}"
200,Moon Agreement,1984,Nuclear Weapons,2,-1,error,"Error code: 400 - {'type': 'error', 'error': {'type': 'invalid_request_error', 'message': 'Your credit balance is too low to access the Anthropic API. Please go to Plans & Billing to upgrade or purchase credits.'}, 'request_id': 'req_011CZvWTEaRd9n5H6S77Agrf'}"
210,Treaty of Rarotonga,1985,Nuclear Weapons,3,-1,error,"Error code: 400 - {'type': 'error', 'error': {'type': 'invalid_request_error', 'message': 'Your credit balance is too low to access the Anthropic API. Please go to Plans & Billing to upgrade or purchase credits.'}, 'request_id': 'req_011CZvWTF3wpY9nXErgAUC9h'}"
210001,Protocol 1 to the South Pacific Nuclear-Weapon-Free Zone Treaty,1986,Nuclear Weapons,0,-1,error,"Error code: 400 - {'type': 'error', 'error': {'type': 'invalid_request_error', 'message': 'Your credit balance is too low to access the Anthropic API. Please go to Plans & Billing to upgrade or purchase credits.'}, 'request_id': 'req_011CZvWTFTG6sQEs72rxS2Eq'}"
210002,Protocol 2 to the South Pacific Nuclear-Weapon-Free Zone Treaty,1986,Nuclear Weapons,0,-1,error,"Error code: 400 - {'type': 'error', 'error': {'type': 'invalid_request_error', 'message': 'Your credit balance is too low to access the Anthropic API. Please go to Plans & Billing to upgrade or purchase credits.'}, 'request_id': 'req_011CZvWTFvnCNVK44QbEzu5r'}"
210003,Protocol 3 to the South Pacific Nuclear-Weapon-Free Zone Treaty,1986,Nuclear Weapons,0,-1,error,"Error code: 400 - {'type': 'error', 'error': {'type': 'invalid_request_error', 'message': 'Your credit balance is too low to access the Anthropic API. Please go to Plans & Billing to upgrade or purchase credits.'}, 'request_id': 'req_011CZvWTGPKQDUVVgmiiQ5ux'}"
280201,START II Protocol II,1997,General / Unknown,0,-1,error,"Error code: 400 - {'type': 'error', 'error': {'type': 'invalid_request_error', 'message': 'Your credit balance is too low to access the Anthropic API. Please go to Plans & Billing to upgrade or purchase credits.'}, 'request_id': 'req_011CZvWTGvp3Em1UEi4bqjWf'}"
220,Stockholm Document,1986,General / Unknown,3,-1,error,"Error code: 400 - {'type': 'error', 'error': {'type': 'invalid_request_error', 'message': 'Your credit balance is too low to access the Anthropic API. Please go to Plans & Billing to upgrade or purchase credits.'}, 'request_id': 'req_011CZvWTHRKsX37E2jcg1r9R'}"
230,NRRC Agreement,1987,General / Unknown,1,-1,error,"Error code: 400 - {'type': 'error', 'error': {'type': 'invalid_request_error', 'message': 'Your credit balance is too low to access the Anthropic API. Please go to Plans & Billing to upgrade or purchase credits.'}, 'request_id': 'req_011CZvWTN4sWtXAD2aZxz8dE'}"
240,INF,1987,General / Unknown,3,-1,error,"Error code: 400 - {'type': 'error', 'error': {'type': 'invalid_request_error', 'message': 'Your credit balance is too low to access the Anthropic API. Please go to Plans & Billing to upgrade or purchase credits.'}, 'request_id': 'req_011CZvWTNNyWqLMfhrMBHjMy'}"
250,Ballistic Missile Launch Notification Agreement,1988,Strategic Delivery Systems,2,-1,error,"Error code: 400 - {'type': 'error', 'error': {'type': 'invalid_request_error', 'message': 'Your credit balance is too low to access the Anthropic API. Please go to Plans & Billing to upgrade or purchase credits.'}, 'request_id': 'req_011CZvWTNh5Uzsfbegy8fe8G'}"
320,,1994,Nuclear Weapons,3,-1,error,"Error code: 400 - {'type': 'error', 'error': {'type': 'invalid_request_error', 'message': 'Your credit balance is too low to access the Anthropic API. Please go to Plans & Billing to upgrade or purchase credits.'}, 'request_id': 'req_011CZvWTP4QEkrVXRoKsqpa8'}"
260,India Pakistan Non-Attack Agreement,1988,General / Unknown,2,-1,error,"Error code: 400 - {'type': 'error', 'error': {'type': 'invalid_request_error', 'message': 'Your credit balance is too low to access the Anthropic API. Please go to Plans & Billing to upgrade or purchase credits.'}, 'request_id': 'req_011CZvWTPWCJXzeoq1vbDRR7'}"
264,MSE Agreement,1989,General / Unknown,2,-1,error,"Error code: 400 - {'type': 'error', 'error': {'type': 'invalid_request_error', 'message': 'Your credit balance is too low to access the Anthropic API. Please go to Plans & Billing to upgrade or purchase credits.'}, 'request_id': 'req_011CZvWTPxj2eFakoDLV2sLg'}"
266,DMA Agreement,1989,General / Unknown,2,-1,error,"Error code: 400 - {'type': 'error', 'error': {'type': 'invalid_request_error', 'message': 'Your credit balance is too low to access the Anthropic API. Please go to Plans & Billing to upgrade or purchase credits.'}, 'request_id': 'req_011CZvWTQKJydgDWg4kY5d5r'}"
270,CFE,1990,Conventional Weapons,3,-1,error,"Error code: 400 - {'type': 'error', 'error': {'type': 'invalid_request_error', 'message': 'Your credit balance is too low to access the Anthropic API. Please go to Plans & Billing to upgrade or purchase credits.'}, 'request_id': 'req_011CZvWTQk6zs1tzPn6JfYiX'}"
270001,Adaptation of the Treaty on Conventional Armed Forces in Europe ,1999,General / Unknown,3,-1,error,"Error code: 400 - {'type': 'error', 'error': {'type': 'invalid_request_error', 'message': 'Your credit balance is too low to access the Anthropic API. Please go to Plans & Billing to upgrade or purchase credits.'}, 'request_id': 'req_011CZvWTRQnp5qWSnBqUrdhS'}"
272,BDA Agreement,1990,General / Unknown,3,-1,error,"Error code: 400 - {'type': 'error', 'error': {'type': 'invalid_request_error', 'message': 'Your credit balance is too low to access the Anthropic API. Please go to Plans & Billing to upgrade or purchase credits.'}, 'request_id': 'req_011CZvWTSABxfMKa6wTjKkhD'}"
2801,START I,1991,Strategic Delivery Systems,3,-1,error,"Error code: 400 - {'type': 'error', 'error': {'type': 'invalid_request_error', 'message': 'Your credit balance is too low to access the Anthropic API. Please go to Plans & Billing to upgrade or purchase credits.'}, 'request_id': 'req_011CZvWTShBPeMqvfHzTtopd'}"
2802,START II,1993,Strategic Delivery Systems,3,-1,error,"Error code: 400 - {'type': 'error', 'error': {'type': 'invalid_request_error', 'message': 'Your credit balance is too low to access the Anthropic API. Please go to Plans & Billing to upgrade or purchase credits.'}, 'request_id': 'req_011CZvWTT22YF72C7tA7yS7y'}"
2803,New START Treaty,2010,Strategic Delivery Systems,3,-1,error,"Error code: 400 - {'type': 'error', 'error': {'type': 'invalid_request_error', 'message': 'Your credit balance is too low to access the Anthropic API. Please go to Plans & Billing to upgrade or purchase credits.'}, 'request_id': 'req_011CZvWTTN7eDCrxdNxouJ6r'}"
282,Mendoza Agreement,1991,General / Unknown,0,-1,error,"Error code: 400 - {'type': 'error', 'error': {'type': 'invalid_request_error', 'message': 'Your credit balance is too low to access the Anthropic API. Please go to Plans & Billing to upgrade or purchase credits.'}, 'request_id': 'req_011CZvWTTkS4kVxMY539VK8E'}"
284,Guadalajara Agreement,1991,General / Unknown,3,-1,error,"Error code: 400 - {'type': 'error', 'error': {'type': 'invalid_request_error', 'message': 'Your credit balance is too low to access the Anthropic API. Please go to Plans & Billing to upgrade or purchase credits.'}, 'request_id': 'req_011CZvWTUCE5mVdLHkqfj9cY'}"
286,Quadripartite Agreement,1991,General / Unknown,3,-1,error,"Error code: 400 - {'type': 'error', 'error': {'type': 'invalid_request_error', 'message': 'Your credit balance is too low to access the Anthropic API. Please go to Plans & Billing to upgrade or purchase credits.'}, 'request_id': 'req_011CZvWTUZo4yoeZmBEus6zY'}"
410,Joint Statement of the Fourth Round of the Six-Party Talks Beijing,2005,Nuclear Weapons,0,-1,error,"Error code: 400 - {'type': 'error', 'error': {'type': 'invalid_request_error', 'message': 'Your credit balance is too low to access the Anthropic API. Please go to Plans & Billing to upgrade or purchase credits.'}, 'request_id': 'req_011CZvWTV3KjBj5H1JKWAU4k'}"
288,India-Pakistan Agreement on Chemical Weapons,1991,General / Unknown,0,-1,error,"Error code: 400 - {'type': 'error', 'error': {'type': 'invalid_request_error', 'message': 'Your credit balance is too low to access the Anthropic API. Please go to Plans & Billing to upgrade or purchase credits.'}, 'request_id': 'req_011CZvWTVSPJEgMrxwNu7AQH'}"
290,Declaration of South and Democratic People's Republic of Korea on the Denuclearization of the Korean Peninsula,1992,Nuclear Weapons,0,-1,error,"Error code: 400 - {'type': 'error', 'error': {'type': 'invalid_request_error', 'message': 'Your credit balance is too low to access the Anthropic API. Please go to Plans & Billing to upgrade or purchase credits.'}, 'request_id': 'req_011CZvWTVoxaiAyECbxHd2sH'}"
292,Nunn-Lugar Cooperative Threat Reduction (CTR) Umbrella Agreement,1992,General / Unknown,0,-1,error,"Error code: 400 - {'type': 'error', 'error': {'type': 'invalid_request_error', 'message': 'Your credit balance is too low to access the Anthropic API. Please go to Plans & Billing to upgrade or purchase credits.'}, 'request_id': 'req_011CZvWTWGFF9m96yc7Lm9sH'}"
300,Treaty on Open Skies,1992,General / Unknown,3,-1,error,"Error code: 400 - {'type': 'error', 'error': {'type': 'invalid_request_error', 'message': 'Your credit balance is too low to access the Anthropic API. Please go to Plans & Billing to upgrade or purchase credits.'}, 'request_id': 'req_011CZvWTc4k4hxgZmLRYcMkg'}"
310,CWC ,1993,Biological / Chemical Weapons,3,-1,error,"Error code: 400 - {'type': 'error', 'error': {'type': 'invalid_request_error', 'message': 'Your credit balance is too low to access the Anthropic API. Please go to Plans & Billing to upgrade or purchase credits.'}, 'request_id': 'req_011CZvWTcR5JEmTyxzE4nDUv'}"
312,Russian-U.S. agreement concerning the disposition of highly enriched uranium extracted from nuclear weapons,1993,General / Unknown,0,-1,error,"Error code: 400 - {'type': 'error', 'error': {'type': 'invalid_request_error', 'message': 'Your credit balance is too low to access the Anthropic API. Please go to Plans & Billing to upgrade or purchase credits.'}, 'request_id': 'req_011CZvWTcwLEJtAK7szLHhXR'}"
314,"Agreement between the US and Ukraine Concerning Assistance to Ukraine on the Elimination of Strategic Nuclear Arms, and the Prevention of Proliferation of WMD",1993,General / Unknown,0,-1,error,"Error code: 400 - {'type': 'error', 'error': {'type': 'invalid_request_error', 'message': 'Your credit balance is too low to access the Anthropic API. Please go to Plans & Billing to upgrade or purchase credits.'}, 'request_id': 'req_011CZvWTdR6r7LTU6M4n9uL7'}"
316,"Agreement between the US and Republic of Kazakhstan Concearning the destruction of Silo launchers of Inercontinental Ballisic Missiles, Emergency response, and the prevention of proliferation of WMD",1993,General / Unknown,3,-1,error,"Error code: 400 - {'type': 'error', 'error': {'type': 'invalid_request_error', 'message': 'Your credit balance is too low to access the Anthropic API. Please go to Plans & Billing to upgrade or purchase credits.'}, 'request_id': 'req_011CZvWTdstHBLxenXpsagxM'}"
330,Bangkok Treaty,1995,Nuclear Weapons,3,-1,error,"Error code: 400 - {'type': 'error', 'error': {'type': 'invalid_request_error', 'message': 'Your credit balance is too low to access the Anthropic API. Please go to Plans & Billing to upgrade or purchase credits.'}, 'request_id': 'req_011CZvWTeTN7ZEA9AxCJgVWG'}"
330001,Treaty Protocol I,1995,Nuclear Weapons,0,-1,error,"Error code: 400 - {'type': 'error', 'error': {'type': 'invalid_request_error', 'message': 'Your credit balance is too low to access the Anthropic API. Please go to Plans & Billing to upgrade or purchase credits.'}, 'request_id': 'req_011CZvWTf3qDKPHjA7nM2eZB'}"
340,Pelindaba Treaty,1996,Nuclear Weapons,3,-1,error,"Error code: 400 - {'type': 'error', 'error': {'type': 'invalid_request_error', 'message': 'Your credit balance is too low to access the Anthropic API. Please go to Plans & Billing to upgrade or purchase credits.'}, 'request_id': 'req_011CZvWTfSeXkgtgDX6FBHce'}"
340001,Treaty Protocol I,1996,Nuclear Weapons,0,-1,error,"Error code: 400 - {'type': 'error', 'error': {'type': 'invalid_request_error', 'message': 'Your credit balance is too low to access the Anthropic API. Please go to Plans & Billing to upgrade or purchase credits.'}, 'request_id': 'req_011CZvWTfoUNj1SUXSYV6hWo'}"
340002,Treaty Protocol II,1996,Nuclear Weapons,0,-1,error,"Error code: 400 - {'type': 'error', 'error': {'type': 'invalid_request_error', 'message': 'Your credit balance is too low to access the Anthropic API. Please go to Plans & Billing to upgrade or purchase credits.'}, 'request_id': 'req_011CZvWTgCHdS61KBUKGRLja'}"
340003,Treaty Protocol III,1996,Nuclear Weapons,0,-1,error,"Error code: 400 - {'type': 'error', 'error': {'type': 'invalid_request_error', 'message': 'Your credit balance is too low to access the Anthropic API. Please go to Plans & Billing to upgrade or purchase credits.'}, 'request_id': 'req_011CZvWTgjXwbnqXmfhdSMav'}"
342,Wassenaar Arrangement,1996,General / Unknown,2,-1,error,"Error code: 400 - {'type': 'error', 'error': {'type': 'invalid_request_error', 'message': 'Your credit balance is too low to access the Anthropic API. Please go to Plans & Billing to upgrade or purchase credits.'}, 'request_id': 'req_011CZvWThLFTLC66hqN5NZc8'}"
344,Agreement on Sub-Regional Arms Control,1996,General / Unknown,3,-1,error,"Error code: 400 - {'type': 'error', 'error': {'type': 'invalid_request_error', 'message': 'Your credit balance is too low to access the Anthropic API. Please go to Plans & Billing to upgrade or purchase credits.'}, 'request_id': 'req_011CZvWTi5tZ7R44Ps6LGhNq'}"
350,"Comprehensive Test ban Treaty, CTBT",1996,Nuclear Weapons,3,-1,error,"Error code: 400 - {'type': 'error', 'error': {'type': 'invalid_request_error', 'message': 'Your credit balance is too low to access the Anthropic API. Please go to Plans & Billing to upgrade or purchase credits.'}, 'request_id': 'req_011CZvWTiYvcb4NXdd8cVk1b'}"
360,"Mine ban Treaty, Ottowa Treaty, Ottawa Convention",1997,Conventional Weapons,3,-1,error,"Error code: 400 - {'type': 'error', 'error': {'type': 'invalid_request_error', 'message': 'Your credit balance is too low to access the Anthropic API. Please go to Plans & Billing to upgrade or purchase credits.'}, 'request_id': 'req_011CZvWTivVwi7Mxw42VexN2'}"
3621,Joint US Russian Statement on Chemical Weapons (Helsinki Agreement),1997,General / Unknown,0,-1,error,"Error code: 400 - {'type': 'error', 'error': {'type': 'invalid_request_error', 'message': 'Your credit balance is too low to access the Anthropic API. Please go to Plans & Billing to upgrade or purchase credits.'}, 'request_id': 'req_011CZvWTjNXhTFCQ7vUhGAP1'}"
3622,Joint Statement Concerning The Anti Ballistic Missile Treaty (Helsinki Agreement),1997,General / Unknown,0,-1,error,"Error code: 400 - {'type': 'error', 'error': {'type': 'invalid_request_error', 'message': 'Your credit balance is too low to access the Anthropic API. Please go to Plans & Billing to upgrade or purchase credits.'}, 'request_id': 'req_011CZvWTjw1ovjPiSpPQGRPU'}"
3623,Joint statement on Parameters On future Reduction In Nuclear Forces (Helsinki Agreement),1997,General / Unknown,0,-1,error,"Error code: 400 - {'type': 'error', 'error': {'type': 'invalid_request_error', 'message': 'Your credit balance is too low to access the Anthropic API. Please go to Plans & Billing to upgrade or purchase credits.'}, 'request_id': 'req_011CZvWTkSXR3jBDuuy2RVgc'}"
3624,Joint US Russian Statement on European Security (Helsinki Agreement),1997,General / Unknown,0,-1,error,"Error code: 400 - {'type': 'error', 'error': {'type': 'invalid_request_error', 'message': 'Your credit balance is too low to access the Anthropic API. Please go to Plans & Billing to upgrade or purchase credits.'}, 'request_id': 'req_011CZvWTkyXVmAiMxgLT67bW'}"
364,Agreement between the US and Republic of Kazakhstan Concearning Peaceful uses of Nuclear Energy,1997,General / Unknown,1,-1,error,"Error code: 400 - {'type': 'error', 'error': {'type': 'invalid_request_error', 'message': 'Your credit balance is too low to access the Anthropic API. Please go to Plans & Billing to upgrade or purchase credits.'}, 'request_id': 'req_011CZvWTmT3vWcadjALPoEB9'}"
370,"American Convention Against the Illicit Manufacturing of and Trafficking in Firearms, Ammunition, Explosives, and Other Related Materials",1997,Conventional Weapons,2,-1,error,"Error code: 400 - {'type': 'error', 'error': {'type': 'invalid_request_error', 'message': 'Your credit balance is too low to access the Anthropic API. Please go to Plans & Billing to upgrade or purchase credits.'}, 'request_id': 'req_011CZvWTrBorXxyGbtmNtMFb'}"
375,ECOWAS Moratorium,1998,General / Unknown,2,-1,error,"Error code: 400 - {'type': 'error', 'error': {'type': 'invalid_request_error', 'message': 'Your credit balance is too low to access the Anthropic API. Please go to Plans & Billing to upgrade or purchase credits.'}, 'request_id': 'req_011CZvWTrXPzR2tBBw2d47qk'}"
380,American Convention on Transparency in Conventional Weapons Acuisition,1999,Conventional Weapons,2,-1,error,"Error code: 400 - {'type': 'error', 'error': {'type': 'invalid_request_error', 'message': 'Your credit balance is too low to access the Anthropic API. Please go to Plans & Billing to upgrade or purchase credits.'}, 'request_id': 'req_011CZvWTruDQD73muR75FuUc'}"
382,Lahore Declaration,1999,General / Unknown,2,-1,error,"Error code: 400 - {'type': 'error', 'error': {'type': 'invalid_request_error', 'message': 'Your credit balance is too low to access the Anthropic API. Please go to Plans & Billing to upgrade or purchase credits.'}, 'request_id': 'req_011CZvWTsMzgPwFURX1WWQXe'}"
384,"Implementing Arrangement between the Department of Energy of the United States of America and the Ministry of Energy, Industry and Trade od the Republic of Kazakhstan concerning the Decomissioning of the BN-350 Reactor",1999,General / Unknown,1,-1,error,"Error code: 400 - {'type': 'error', 'error': {'type': 'invalid_request_error', 'message': 'Your credit balance is too low to access the Anthropic API. Please go to Plans & Billing to upgrade or purchase credits.'}, 'request_id': 'req_011CZvWTsmZNWWEszmuuJ4Vj'}"
386,JDEC MOA,2000,General / Unknown,2,-1,error,"Error code: 400 - {'type': 'error', 'error': {'type': 'invalid_request_error', 'message': 'Your credit balance is too low to access the Anthropic API. Please go to Plans & Billing to upgrade or purchase credits.'}, 'request_id': 'req_011CZvWTtCMMtjcgGP688hD6'}"
387,Bamako Declaration,2000,General / Unknown,0,-1,error,"Error code: 400 - {'type': 'error', 'error': {'type': 'invalid_request_error', 'message': 'Your credit balance is too low to access the Anthropic API. Please go to Plans & Billing to upgrade or purchase credits.'}, 'request_id': 'req_011CZvWTtaRc3ZZodMyigfhs'}"
388,PLNS MOU,2000,General / Unknown,2,-1,error,"Error code: 400 - {'type': 'error', 'error': {'type': 'invalid_request_error', 'message': 'Your credit balance is too low to access the Anthropic API. Please go to Plans & Billing to upgrade or purchase credits.'}, 'request_id': 'req_011CZvWTu5geYNovSV1pmqJx'}"
389,"Agreement between the US and Republic of Kazakhstan Concearning the destruction of Silo launchers of Inercontinental Ballisic Missiles, Emergency response, and the prevention of proliferation of WMD (Extended)",2000,General / Unknown,0,-1,error,"Error code: 400 - {'type': 'error', 'error': {'type': 'invalid_request_error', 'message': 'Your credit balance is too low to access the Anthropic API. Please go to Plans & Billing to upgrade or purchase credits.'}, 'request_id': 'req_011CZvWTucBZzUR3kcjquu4W'}"
390,SORT/Treaty of Moscow,2002,Nuclear Weapons,1,-1,error,"Error code: 400 - {'type': 'error', 'error': {'type': 'invalid_request_error', 'message': 'Your credit balance is too low to access the Anthropic API. Please go to Plans & Billing to upgrade or purchase credits.'}, 'request_id': 'req_011CZvWTv7CJ5rkcEuWFbjyu'}"
392,The Hague Code of Conduct (HCoC),2002,General / Unknown,2,-1,error,"Error code: 400 - {'type': 'error', 'error': {'type': 'invalid_request_error', 'message': 'Your credit balance is too low to access the Anthropic API. Please go to Plans & Billing to upgrade or purchase credits.'}, 'request_id': 'req_011CZvWTvhRA5jZF67dNwx5n'}"
394,Moscow Summit Joint Statement,2002,General / Unknown,0,-1,error,"Error code: 400 - {'type': 'error', 'error': {'type': 'invalid_request_error', 'message': 'Your credit balance is too low to access the Anthropic API. Please go to Plans & Billing to upgrade or purchase credits.'}, 'request_id': 'req_011CZvWTwK8QK6UY5RZr8oGS'}"
400,Nairobi Protocol,2004,Conventional Weapons,0,-1,error,"Error code: 400 - {'type': 'error', 'error': {'type': 'invalid_request_error', 'message': 'Your credit balance is too low to access the Anthropic API. Please go to Plans & Billing to upgrade or purchase credits.'}, 'request_id': 'req_011CZvWTwjBVSeNe38Nf7bFo'}"
405,India-Pakistan Missile Pre-Notification Agreement,2005,General / Unknown,2,-1,error,"Error code: 400 - {'type': 'error', 'error': {'type': 'invalid_request_error', 'message': 'Your credit balance is too low to access the Anthropic API. Please go to Plans & Billing to upgrade or purchase credits.'}, 'request_id': 'req_011CZvWTxFghCN4s1yrtbkha'}"
420,Central Asian Nuclear Weapons Free Zones,2006,Nuclear Weapons,1,-1,error,"Error code: 400 - {'type': 'error', 'error': {'type': 'invalid_request_error', 'message': 'Your credit balance is too low to access the Anthropic API. Please go to Plans & Billing to upgrade or purchase credits.'}, 'request_id': 'req_011CZvWTy2KEhetip6uqv3E1'}"
420001,(CANWFZ) Protocol I,2014,Nuclear Weapons,0,-1,error,"Error code: 400 - {'type': 'error', 'error': {'type': 'invalid_request_error', 'message': 'Your credit balance is too low to access the Anthropic API. Please go to Plans & Billing to upgrade or purchase credits.'}, 'request_id': 'req_011CZvWTySd3ex4KFAUfzrfT'}"
425,Ecowas Convention,2006,General / Unknown,0,-1,error,"Error code: 400 - {'type': 'error', 'error': {'type': 'invalid_request_error', 'message': 'Your credit balance is too low to access the Anthropic API. Please go to Plans & Billing to upgrade or purchase credits.'}, 'request_id': 'req_011CZvWTynTXy5q88d3ZoKZu'}"
427,"Agreement between the US and Republic of Kazakhstan Concearning the destruction of Silo launchers of Inercontinental Ballisic Missiles, Emergency response, and the prevention of proliferation of WMD (Extended & Amended)",2007,General / Unknown,0,-1,error,"Error code: 400 - {'type': 'error', 'error': {'type': 'invalid_request_error', 'message': 'Your credit balance is too low to access the Anthropic API. Please go to Plans & Billing to upgrade or purchase credits.'}, 'request_id': 'req_011CZvWTzSeCeq8x2vUj5kc8'}"
430,CCM,2008,Conventional Weapons,2,-1,error,"Error code: 400 - {'type': 'error', 'error': {'type': 'invalid_request_error', 'message': 'Your credit balance is too low to access the Anthropic API. Please go to Plans & Billing to upgrade or purchase credits.'}, 'request_id': 'req_011CZvWTzvAj8bBQcUsQjHKC'}"
440,Kinshasa Convention,2010,Conventional Weapons,2,-1,error,"Error code: 400 - {'type': 'error', 'error': {'type': 'invalid_request_error', 'message': 'Your credit balance is too low to access the Anthropic API. Please go to Plans & Billing to upgrade or purchase credits.'}, 'request_id': 'req_011CZvWU1ryFNS7XDxdBMvEy'}"
445,"AU Strategy on the Control of Illicit Proliferation, Circulation and Trafficking of SALW",2011,General / Unknown,0,-1,error,"Error code: 400 - {'type': 'error', 'error': {'type': 'invalid_request_error', 'message': 'Your credit balance is too low to access the Anthropic API. Please go to Plans & Billing to upgrade or purchase credits.'}, 'request_id': 'req_011CZvWU71XuZFXLsoBAx3e5'}"
446,CARICOM Declaration on Small Arms and Light Weapons,2011,General / Unknown,0,-1,error,"Error code: 400 - {'type': 'error', 'error': {'type': 'invalid_request_error', 'message': 'Your credit balance is too low to access the Anthropic API. Please go to Plans & Billing to upgrade or purchase credits.'}, 'request_id': 'req_011CZvWU7YHXRLg6Fx3jGsEp'}"
447,Implementing Arrangement between the Department of Energy of the United States of America and the Ministry of Industry and New Technologies of the Republic of Kazakhstan for Cooperation in the field of Nuclear Material Safeguards and Security,2011,General / Unknown,1,-1,error,"Error code: 400 - {'type': 'error', 'error': {'type': 'invalid_request_error', 'message': 'Your credit balance is too low to access the Anthropic API. Please go to Plans & Billing to upgrade or purchase credits.'}, 'request_id': 'req_011CZvWU7trw5AJ8pNtMd64X'}"
450,Arms Trade Treaty (ATT),2013,Conventional Weapons,2,-1,error,"Error code: 400 - {'type': 'error', 'error': {'type': 'invalid_request_error', 'message': 'Your credit balance is too low to access the Anthropic API. Please go to Plans & Billing to upgrade or purchase credits.'}, 'request_id': 'req_011CZvWU8FhQYhZfHETch6qf'}"
452,A New Legal Framework for U.S.-Russian Cooperation in Nuclear Nonproliferation and Security (Building upon the CTR Umbrella Agreement),2013,General / Unknown,0,-1,error,"Error code: 400 - {'type': 'error', 'error': {'type': 'invalid_request_error', 'message': 'Your credit balance is too low to access the Anthropic API. Please go to Plans & Billing to upgrade or purchase credits.'}, 'request_id': 'req_011CZvWU8gVhq2QqkYA8vptc'}"
460,JCPOA,2015,General / Unknown,3,-1,error,"Error code: 400 - {'type': 'error', 'error': {'type': 'invalid_request_error', 'message': 'Your credit balance is too low to access the Anthropic API. Please go to Plans & Billing to upgrade or purchase credits.'}, 'request_id': 'req_011CZvWU9B1isxM7HBdrJ7ar'}"
470,TPNW,2017,Nuclear Weapons,2,-1,error,"Error code: 400 - {'type': 'error', 'error': {'type': 'invalid_request_error', 'message': 'Your credit balance is too low to access the Anthropic API. Please go to Plans & Billing to upgrade or purchase credits.'}, 'request_id': 'req_011CZvWU9dHuzNEtHSDGztrr'}"
480,U.S.-Russia Presidential Joint Statement on Strategic Stability,2021,General / Unknown,0,-1,error,"Error code: 400 - {'type': 'error', 'error': {'type': 'invalid_request_error', 'message': 'Your credit balance is too low to access the Anthropic API. Please go to Plans & Billing to upgrade or purchase credits.'}, 'request_id': 'req_011CZvWU9ydVcmwvvEfMKfHE'}"
